{
  "synthetic_linewidth_benchmark": {
    "random_seed": 20260526,
    "mu_values": [
      0.012000000000000002,
      0.013910049495386502,
      0.016124123080341852,
      0.01869061250977157,
      0.021665612092501053,
      0.025114144712877824,
      0.029111582999202475,
      0.033745296700663216,
      0.03911656227856067,
      0.04534277644867895,
      0.052560022054947426,
      0.06092604235524372,
      0.07062368872662121,
      0.08186491714450583,
      0.09489542078464924,
      0.11
    ],
    "gamma_width_s1": [
      1.3651382698982797,
      1.29994745942881,
      1.2464234241994103,
      1.2024828295222658,
      1.1664151445200377,
      1.1368160714157056,
      1.1125328890607613,
      1.0926195836137418,
      1.076300019879042,
      1.062937719303747,
      1.052011067088134,
      1.043092981172555,
      1.0358342481004676,
      1.029949871583113,
      1.0252078946617145,
      1.0214202509236197
    ],
    "gamma_width_s2": [
      1.3678824628243107,
      1.3022011086187744,
      1.2482742218888867,
      1.2040027928906563,
      1.167663417987065,
      1.137841228046791,
      1.1133748206213552,
      1.093311052799089,
      1.0768679350890409,
      1.0634041815191633,
      1.0523942295126623,
      1.0434077549901377,
      1.036092881681174,
      1.0301624255411568,
      1.0253826311883494,
      1.0215639527544864
    ],
    "variance_lockin_EP3": [
      7940.37304985824,
      4853.083023179958,
      2966.1663094493133,
      1812.9040199681415,
      1108.0428900569389,
      677.2393725391221,
      413.9366729484226,
      253.00848570903437,
      154.65034671386107,
      94.53421230568964,
      57.79105108997435,
      35.333074033341575,
      21.60592559434207,
      13.214851938997487,
      8.085035761285408,
      4.948410153814062
    ],
    "variance_lockin_EP2": [
      291.6823236132482,
      187.26983299952312,
      120.23351266985395,
      77.19394702966646,
      49.56110260539159,
      31.81988984877121,
      20.42943632722488,
      13.116383200245554,
      8.421157857753455,
      5.406665738798239,
      3.471260710754535,
      2.2286657811887087,
      1.4308781673049298,
      0.9186717662976777,
      0.5898180805917204,
      0.378682986628676
    ],
    "variance_lockin_null_detector": [
      0.012000000401793488,
      0.011999999939253572,
      0.011999999777914428,
      0.011999999841506506,
      0.012000000023596531,
      0.012000000057475748,
      0.012000000023882207,
      0.01200000005928479,
      0.011999999968676641,
      0.012000000019225406,
      0.011999999994058697,
      0.011999999992810033,
      0.012000000021841784,
      0.011999999996940737,
      0.011999999987893289,
      0.011999999991236958
    ],
    "variance_lockin_regular_background": [
      0.015250451364708555,
      0.015131325244530248,
      0.014993338060004496,
      0.014833543136341876,
      0.014648556779042839,
      0.014434504182630094,
      0.014186969732584277,
      0.01390095176643927,
      0.013570833585750617,
      0.01319038732709323,
      0.012752830270403396,
      0.012250976522754815,
      0.011677540352618886,
      0.011025683153562464,
      0.010289939871406927,
      0.009467727160877648
    ],
    "alpha_EP3": 3.3317672986628915,
    "delta_alpha_EP3": 0.02937349223611531,
    "alpha_EP2": 3.0000000000010183,
    "delta_alpha_EP2": 0.02937349223611531,
    "alpha_null_channel": 1.767976746149961e-09,
    "alpha_regular_background": 0.19724165278505712,
    "width_pair_slope_difference": 6.411212985391046e-06,
    "raw_linewidth_apparent_slope": 2.577535254494611
  },
  "certificate": {
    "q_out": {
      "passed": true,
      "reason": "symmetric finite jitter remains in the declared outer window"
    },
    "q_sym": {
      "passed": true,
      "reason": "two-point jitter has zero third central moment"
    },
    "q_width": {
      "passed": true,
      "threshold": 0.08,
      "observed": 6.411212985391046e-06
    },
    "q_pow": {
      "passed": true,
      "reason": "synthetic benchmark is generated in the linear phase-diffusion regime"
    },
    "q_EP2": {
      "passed": true,
      "threshold": 0.12,
      "observed": 3.0000000000010183
    },
    "q_null": {
      "passed": false,
      "reason": "null detector has no singular linewidth coefficient and is rejected",
      "observed_slope": 1.767976746149961e-09
    },
    "q_regular_background": {
      "passed": false,
      "reason": "regular-only background does not produce the EP3 curvature exponent",
      "observed_slope": 0.19724165278505712
    }
  }
}
