{
  "synthetic_linewidth_benchmark": {
    "random_seed": 20260526,
    "mu_values": [
      0.012000000000000002,
      0.0139100494953865,
      0.016124123080341852,
      0.01869061250977157,
      0.021665612092501053,
      0.025114144712877824,
      0.029111582999202475,
      0.033745296700663216,
      0.03911656227856067,
      0.04534277644867895,
      0.052560022054947426,
      0.06092604235524372,
      0.0706236887266212,
      0.08186491714450583,
      0.09489542078464924,
      0.11
    ],
    "gamma_width_s1": [
      1.3651382698982797,
      1.29994745942881,
      1.2464234241994103,
      1.2024828295222658,
      1.1664151445200375,
      1.1368160714157056,
      1.1125328890607613,
      1.0926195836137418,
      1.0763000198790422,
      1.062937719303747,
      1.052011067088134,
      1.0430929811725551,
      1.0358342481004676,
      1.029949871583113,
      1.0252078946617147,
      1.0214202509236192
    ],
    "gamma_width_s2": [
      1.3678824628243107,
      1.3022011086187744,
      1.2482742218888867,
      1.2040027928906563,
      1.167663417987065,
      1.137841228046791,
      1.1133748206213552,
      1.093311052799089,
      1.0768679350890409,
      1.063404181519163,
      1.0523942295126623,
      1.0434077549901377,
      1.0360928816811739,
      1.0301624255411568,
      1.0253826311883494,
      1.0215639527544864
    ],
    "variance_lockin_EP3": [
      7940.37304985824,
      4853.083023179961,
      2966.1663094493133,
      1812.9040199681415,
      1108.0428900571358,
      677.2393725391221,
      413.9366729484226,
      253.00848570903437,
      154.6503467138006,
      94.53421230564464,
      57.79105108997435,
      35.333074033316656,
      21.60592559432354,
      13.214851938997487,
      8.085035761275133,
      4.948410153829355
    ],
    "variance_lockin_EP2": [
      291.6823236132482,
      187.2698329995232,
      120.23351266985395,
      77.19394702966646,
      49.56110260539159,
      31.81988984877121,
      20.42943632722488,
      13.116383200245554,
      8.421157857753455,
      5.406665738798239,
      3.471260710754535,
      2.2286657811887087,
      1.430878167304931,
      0.9186717662976777,
      0.5898180805917204,
      0.378682986628676
    ],
    "variance_lockin_null_detector": [
      0.012000000401793488,
      0.011999999939253577,
      0.011999999777914428,
      0.011999999841506506,
      0.012000000023596531,
      0.012000000057475748,
      0.012000000023882207,
      0.01200000005928479,
      0.011999999968676641,
      0.012000000019225406,
      0.011999999994058697,
      0.011999999992810033,
      0.012000000021841793,
      0.011999999996940737,
      0.011999999987893289,
      0.011999999991236958
    ],
    "alpha_EP3": 3.3317672986627507,
    "delta_alpha_EP3": 0.029373492236115312,
    "alpha_EP2": 3.0000000000010183,
    "delta_alpha_EP2": 0.029373492236115312,
    "width_pair_slope_difference": 6.411212905454988e-06,
    "raw_linewidth_apparent_slope": 2.577535254494612
  },
  "certificate": {
    "q_out": {
      "passed": true,
      "reason": "symmetric finite jitter remains in the declared outer window"
    },
    "q_sym": {
      "passed": true,
      "reason": "two-point jitter has zero third central moment"
    },
    "q_width": {
      "passed": true,
      "threshold": 0.08
    },
    "q_pow": {
      "passed": true,
      "reason": "synthetic benchmark is generated in the linear phase-diffusion regime"
    },
    "q_EP2": {
      "passed": true,
      "threshold": 0.12
    },
    "q_null": {
      "passed": false,
      "reason": "null detector has no singular linewidth coefficient and is rejected"
    }
  }
}
